key,value
site_title,Timothy Wai Leung Chan — Portfolio
person_name,Timothy Wai Leung Chan
person_location,"London, UK"
timeline_label,Career
hero_title,Designer & maker of things.
hero_subtitle,A one-line intro about what you do and who you do it for.
work_title,Work
work_subtitle,Articles I've published.
contact_title,Get in touch
contact_subtitle,"Have a question, or want to work together? Fill in the form and I'll get back to you."
linkedin_url,https://www.linkedin.com/
scholar_url,https://scholar.google.com/citations?hl=en&user=tL_lSFEAAAAJ
email_link,mailto:you@example.com
footer_name,Timothy Wai Leung Chan
copyright_text,© 2026 ZC Studios
site_description,Portfolio of Timothy Wai Leung Chan.
loader_name,Tim Chan
form_name,Name
form_email,Email
form_message,Message
form_send,Send
footer_linkedin,LinkedIn
footer_scholar,Google Scholar
footer_top,Back to top
footer_email,Email
